Compounds,log Kow,fom (%),MW,SMILES,flip (%),log RCF-soil,,,,,,Citation,,Plant
Penconazole,3.72,0.97,284.18,CCCC(CN1C=NC=N1)C2=C(C=C(C=C2)Cl)Cl,1.1,-0.03,,,,,,"Jiang et al., 2016",,Wheat
Penconazole,3.72,3.26,284.18,CCCC(CN1C=NC=N1)C2=C(C=C(C=C2)Cl)Cl,1.1,-0.19,,,,,,"Jiang et al., 2016",,Wheat
Penconazole,3.72,5.03,284.18,CCCC(CN1C=NC=N1)C2=C(C=C(C=C2)Cl)Cl,1.1,-0.3,,,,,,"Jiang et al., 2016",,Wheat
Penconazole,3.72,1.59,284.18,CCCC(CN1C=NC=N1)C2=C(C=C(C=C2)Cl)Cl,1.1,-0.13,,,,,,"Jiang et al., 2016",,Wheat
Penconazole,3.72,2.6,284.18,CCCC(CN1C=NC=N1)C2=C(C=C(C=C2)Cl)Cl,1.1,-0.25,,,,,,"Jiang et al., 2016",,Wheat
Aldrin ,5.66,3.6,364.9,C1C2C=CC1C3C2C4(C(=C(C3(C4(Cl)Cl)Cl)Cl)Cl)Cl,0.24,-1.38,,,,,,"Harris and Sans, 1967",,Carrot
Aldrin ,5.66,66.5,364.9,C1C2C=CC1C3C2C4(C(=C(C3(C4(Cl)Cl)Cl)Cl)Cl)Cl,0.24,-2.92,,,,,,"Harris and Sans, 1967",,Carrot
Dieldrin,4.55,1.4,380.9,C1C2C3C(C1C4C2O4)C5(C(=C(C3(C5(Cl)Cl)Cl)Cl)Cl)Cl,0.24,-0.6,,,,,,"Harris and Sans, 1967",,Carrot
Dieldrin,4.55,3.6,380.9,C1C2C3C(C1C4C2O4)C5(C(=C(C3(C5(Cl)Cl)Cl)Cl)Cl)Cl,0.24,-0.99,,,,,,"Harris and Sans, 1967",,Carrot
Dieldrin,4.55,66.5,380.9,C1C2C3C(C1C4C2O4)C5(C(=C(C3(C5(Cl)Cl)Cl)Cl)Cl)Cl,0.24,-2.29,,,,,,"Harris and Sans, 1967",,Carrot
Dieldrin,4.55,3.6,380.9,C1C2C3C(C1C4C2O4)C5(C(=C(C3(C5(Cl)Cl)Cl)Cl)Cl)Cl,0.1,-1.33,,,,,,"Harris and Sans, 1967",,Radish
Dieldrin,4.55,66.5,380.9,C1C2C3C(C1C4C2O4)C5(C(=C(C3(C5(Cl)Cl)Cl)Cl)Cl)Cl,0.1,-2.59,,,,,,"Harris and Sans, 1967",,Radish
Dieldrin,4.55,3.6,380.9,C1C2C3C(C1C4C2O4)C5(C(=C(C3(C5(Cl)Cl)Cl)Cl)Cl)Cl,0.1,-1.56,,,,,,"Harris and Sans, 1967",,Turnips
"m-DCB  (1,3-DCB)",3.44,2.82,147,C1=CC(=CC(=C1)Cl)Cl,0.34,0.22,,,,,,"Zhang et al., 2005",,Spinach
"m-DCB  (1,3-DCB)",3.44,0.78,147,C1=CC(=CC(=C1)Cl)Cl,0.34,0.61,,,,,,"Zhang et al., 2005",,Spinach
"m-DCB  (1,3-DCB)",3.44,1.41,147,C1=CC(=CC(=C1)Cl)Cl,0.24,-0.03,,,,,,"Zhang et al., 2005",,Carrot
"m-DCB  (1,3-DCB)",3.44,0.78,147,C1=CC(=CC(=C1)Cl)Cl,0.24,-0.12,,,,,,"Zhang et al., 2005",,Carrot
"m-DCB  (1,3-DCB)",3.44,2.82,147,C1=CC(=CC(=C1)Cl)Cl,0.09,-0.59,,,,,,"Zhang et al., 2005",,Radish
"m-DCB  (1,3-DCB)",3.44,0.78,147,C1=CC(=CC(=C1)Cl)Cl,0.09,-0.15,,,,,,"Zhang et al., 2005",,Radish
"p-DCB (1,4-DCB)",3.37,2.82,147,C1=CC(=CC=C1Cl)Cl,0.34,0.14,,,,,,"Zhang et al., 2005",,Spinach
"p-DCB (1,4-DCB)",3.37,1.41,147,C1=CC(=CC=C1Cl)Cl,0.34,-0.12,,,,,,"Zhang et al., 2005",,Spinach
"p-DCB (1,4-DCB)",3.37,1.41,147,C1=CC(=CC=C1Cl)Cl,0.09,-0.38,,,,,,"Zhang et al., 2005",,Radish
"o-DCB (1,2-DCB)",3.38,0.78,147,C1=CC=C(C(=C1)Cl)Cl,0.34,0.7,,,,,,"Zhang et al., 2005",,Spinach
"o-DCB (1,2-DCB)",3.38,0.78,147,C1=CC=C(C(=C1)Cl)Cl,0.24,0,,,,,,"Zhang et al., 2005",,Carrot
"o-DCB (1,2-DCB)",3.38,0.78,147,C1=CC=C(C(=C1)Cl)Cl,0.09,-0.18,,,,,,"Zhang et al., 2005",,Radish
"1,2,4-TCB",4.02,2.82,181.4,C1=CC(=C(C=C1Cl)Cl)Cl,0.34,-0.41,,,,,,"Zhang et al., 2005",,Spinach
"1,2,4-TCB",4.02,1.41,181.4,C1=CC(=C(C=C1Cl)Cl)Cl,0.34,-0.1,,,,,,"Zhang et al., 2005",,Spinach
"1,2,4-TCB",4.02,2.82,181.4,C1=CC(=C(C=C1Cl)Cl)Cl,0.17,-0.35,,,,,,"Zhang et al., 2005",,Celery
"1,2,4-TCB",4.02,1.41,181.4,C1=CC(=C(C=C1Cl)Cl)Cl,0.17,-0.2,,,,,,"Zhang et al., 2005",,Celery
"1,2,4-TCB",4.02,0.78,181.4,C1=CC(=C(C=C1Cl)Cl)Cl,0.17,-0.08,,,,,,"Zhang et al., 2005",,Celery
"1,2,4-TCB",4.02,1.41,181.4,C1=CC(=C(C=C1Cl)Cl)Cl,0.24,-0.41,,,,,,"Zhang et al., 2005",,Carrot
"1,2,4-TCB",4.02,2.82,181.4,C1=CC(=C(C=C1Cl)Cl)Cl,0.09,-0.94,,,,,,"Zhang et al., 2005",,Radish
"1,2,4-TCB",4.02,1.41,181.4,C1=CC(=C(C=C1Cl)Cl)Cl,0.09,-0.76,,,,,,"Zhang et al., 2005",,Radish
Fluorene,4.18,12.72,166.22,C1C2=CC=CC=C2C3=CC=CC=C31,0.1,-1.59,,,,,,"Cai et al., 2008",,Radish
Phenanthrene,4.46,12.72,178.23,C1=CC=C2C(=C1)C=CC3=CC=CC=C32,0.1,-1.45,,,,,,"Cai et al., 2008",,Radish
Phenanthrene,4.46,4.84,178.23,C1=CC=C2C(=C1)C=CC3=CC=CC=C32,0.1,-1.05,,,,,,"Cai et al., 2008",,Radish
Anthracene,4.54,3.78,178.23,C1=CC=C2C=C3C=CC=CC3=CC2=C1,0.1,-1.63,,,,,,"Cai et al., 2008",,Radish
Anthracene,4.54,12.72,178.23,C1=CC=C2C=C3C=CC=CC3=CC2=C1,0.1,-2.15,,,,,,"Cai et al., 2008",,Radish
Fluoranthene,5.16,0.79,202.25,C1=CC=C2C(=C1)C3=CC=CC4=C3C2=CC=C4,0.1,-0.72,,,,,,"Cai et al., 2008",,Radish
Benzo[a]pyrene,6.34,3.78,252.3,C1=CC=C2C3=C4C(=CC2=C1)C=CC5=C4C(=CC=C5)C=C3,0.1,-2.52,,,,,,"Cai et al., 2008",,Radish
Di(2-ethylhexyl) phthalate,7.6,6.76,390.6,CCCCC(CC)COC(=O)C1=CC=CC=C1C(=O)OCC(CC)CCCC,0.1,-1.94,,,,,,"Cai et al., 2008",,Radish
Di(2-ethylhexyl) phthalate,7.6,12.72,390.6,CCCCC(CC)COC(=O)C1=CC=CC=C1C(=O)OCC(CC)CCCC,0.1,-2.4,,,,,,"Cai et al., 2008",,Radish
Phenanthrene,4.46,1.45,178.23,C1=CC=C2C(=C1)C=CC3=CC=CC=C32,0.32,-1.27,,,,,,"Gao et al., 2005",,Ryegrass
Phenanthrene,4.46,1.45,178.23,C1=CC=C2C(=C1)C=CC3=CC=CC=C32,0.68,-0.88,,,,,,"Gao et al., 2005",,Chinese cabbage
Phenanthrene,4.46,1.45,178.23,C1=CC=C2C(=C1)C=CC3=CC=CC=C32,0.32,-1.15,,,,,,"Gao et al., 2005",,Amaranth
Pyrene,5.18,1.45,202.25,C1=CC2=C3C(=C1)C=CC4=CC=CC(=C43)C=C2,0.32,-1.05,,,,,,"Gao et al., 2005",,Ryegrass
Pyrene,5.18,1.45,202.25,C1=CC2=C3C(=C1)C=CC4=CC=CC(=C43)C=C2,0.68,-0.26,,,,,,"Gao et al., 2005",,Chinese cabbage
alpha-HCH,3.81,6.36,290.83,C1(C(C(C(C(C1Cl)Cl)Cl)Cl)Cl)Cl,0.1,-2.2,,,,,,"Mikes et al., 2009",,Radish
HCB,5.5,6.36,284.8,C1(=C(C(=C(C(=C1Cl)Cl)Cl)Cl)Cl)Cl,0.1,-2.11,,,,,,"Mikes et al., 2009",,Radish
"o,p'-DDE",5.76,6.36,318,C1=CC=C(C(=C1)C(=C(Cl)Cl)C2=CC=C(C=C2)Cl)Cl,0.1,-1.49,,,,,,"Mikes et al., 2009",,Radish
"p,p'-DDE",5.91,6.36,318,C1=CC(=CC=C1C(=C(Cl)Cl)C2=CC=C(C=C2)Cl)Cl,0.1,-1.24,,,,,,"Mikes et al., 2009",,Radish
"o,p'-DDD",5.82,6.36,320,C1=CC=C(C(=C1)C(C2=CC=C(C=C2)Cl)C(Cl)Cl)Cl,0.1,-1.25,,,,,,"Mikes et al., 2009",,Radish
"p,p'-DDD",5.69,6.36,320,C1=CC(=CC=C1C(C2=CC=C(C=C2)Cl)C(Cl)Cl)Cl,0.1,-1.05,,,,,,"Mikes et al., 2009",,Radish
"o,p'-DDT",6.19,6.36,354.5,C1=CC=C(C(=C1)C(C2=CC=C(C=C2)Cl)C(Cl)(Cl)Cl)Cl,0.1,-1.3,,,,,,"Mikes et al., 2009",,Radish
"p,p'-DDT",5.98,6.36,354.5,C1=CC(=CC=C1C(C2=CC=C(C=C2)Cl)C(Cl)(Cl)Cl)Cl,0.1,-1.74,,,,,,"Mikes et al., 2009",,Radish
PCB 101,6.5,6.36,326.4,C1=CC(=C(C=C1Cl)C2=CC(=C(C=C2Cl)Cl)Cl)Cl,0.1,-1.72,,,,,,"Mikes et al., 2009",,Radish
PCB 153,6.9,6.36,360.9,C1=C(C(=CC(=C1Cl)Cl)Cl)C2=CC(=C(C=C2Cl)Cl)Cl,0.1,-2.03,,,,,,"Mikes et al., 2009",,Radish
PCB 138,6.69,6.36,360.9,C1=CC(=C(C(=C1C2=CC(=C(C=C2Cl)Cl)Cl)Cl)Cl)Cl,0.1,-2.09,,,,,,"Mikes et al., 2009",,Radish
PCB 180,7.2,6.36,395.3,C1=C(C(=CC(=C1Cl)Cl)Cl)C2=CC(=C(C(=C2Cl)Cl)Cl)Cl,0.1,-2.07,,,,,,"Mikes et al., 2009",,Radish
BDE-100,7.24,3.19,564.7,C1=CC(=C(C=C1Br)Br)OC2=C(C=C(C=C2Br)Br)Br,0.53,-1.66,,,,,,"Huang et al., 2011",,Maize
BDE-100,7.24,3.19,564.7,C1=CC(=C(C=C1Br)Br)OC2=C(C=C(C=C2Br)Br)Br,0.56,-1.51,,,,,,"Huang et al., 2011",,Ryegrass
BDE-100,7.24,1.9,564.7,C1=CC(=C(C=C1Br)Br)OC2=C(C=C(C=C2Br)Br)Br,0.7,-1.17,,,,,,"Huang et al., 2011",,Pumpkin
BDE-100,7.24,1.9,564.7,C1=CC(=C(C=C1Br)Br)OC2=C(C=C(C=C2Br)Br)Br,0.53,-1.21,,,,,,"Huang et al., 2011",,Maize
BDE-100,7.24,1.9,564.7,C1=CC(=C(C=C1Br)Br)OC2=C(C=C(C=C2Br)Br)Br,0.56,-1.37,,,,,,"Huang et al., 2011",,Ryegrass
BDE-100,7.24,0.98,564.7,C1=CC(=C(C=C1Br)Br)OC2=C(C=C(C=C2Br)Br)Br,0.7,-1.07,,,,,,"Huang et al., 2011",,Pumpkin
BDE-100,7.24,0.98,564.7,C1=CC(=C(C=C1Br)Br)OC2=C(C=C(C=C2Br)Br)Br,0.53,-1.05,,,,,,"Huang et al., 2011",,Maize
BDE-100,7.24,0.98,564.7,C1=CC(=C(C=C1Br)Br)OC2=C(C=C(C=C2Br)Br)Br,0.56,-0.92,,,,,,"Huang et al., 2011",,Ryegrass
BDE-153,7.9,3.19,643.6,C1=C(C(=CC(=C1Br)Br)Br)OC2=CC(=C(C=C2Br)Br)Br,0.7,-1.92,,,,,,"Huang et al., 2011",,Pumpkin
BDE-153,7.9,3.19,643.6,C1=C(C(=CC(=C1Br)Br)Br)OC2=CC(=C(C=C2Br)Br)Br,0.56,-1.23,,,,,,"Huang et al., 2011",,Ryegrass
BDE-153,7.9,1.9,643.6,C1=C(C(=CC(=C1Br)Br)Br)OC2=CC(=C(C=C2Br)Br)Br,0.7,-1.45,,,,,,"Huang et al., 2011",,Pumpkin
BDE-153,7.9,1.9,643.6,C1=C(C(=CC(=C1Br)Br)Br)OC2=CC(=C(C=C2Br)Br)Br,0.53,-1.25,,,,,,"Huang et al., 2011",,Maize
BDE-153,7.9,1.9,643.6,C1=C(C(=CC(=C1Br)Br)Br)OC2=CC(=C(C=C2Br)Br)Br,0.56,-1.27,,,,,,"Huang et al., 2011",,Ryegrass
BDE-153,7.9,0.98,643.6,C1=C(C(=CC(=C1Br)Br)Br)OC2=CC(=C(C=C2Br)Br)Br,0.7,-1.05,,,,,,"Huang et al., 2011",,Pumpkin
BDE-153,7.9,0.98,643.6,C1=C(C(=CC(=C1Br)Br)Br)OC2=CC(=C(C=C2Br)Br)Br,0.53,-1.01,,,,,,"Huang et al., 2011",,Maize
BDE-153,7.9,0.98,643.6,C1=C(C(=CC(=C1Br)Br)Br)OC2=CC(=C(C=C2Br)Br)Br,0.56,-1.21,,,,,,"Huang et al., 2011",,Ryegrass
BDE-154,7.82,3.19,643.6,C1=C(C=C(C(=C1Br)OC2=CC(=C(C=C2Br)Br)Br)Br)Br,0.7,-1.27,,,,,,"Huang et al., 2011",,Pumpkin
BDE-154,7.82,3.19,643.6,C1=C(C=C(C(=C1Br)OC2=CC(=C(C=C2Br)Br)Br)Br)Br,0.53,-1.2,,,,,,"Huang et al., 2011",,Maize
BDE-154,7.82,1.9,643.6,C1=C(C=C(C(=C1Br)OC2=CC(=C(C=C2Br)Br)Br)Br)Br,0.7,-1.23,,,,,,"Huang et al., 2011",,Pumpkin
BDE-154,7.82,1.9,643.6,C1=C(C=C(C(=C1Br)OC2=CC(=C(C=C2Br)Br)Br)Br)Br,0.53,-1.33,,,,,,"Huang et al., 2011",,Maize
BDE-154,7.82,1.9,643.6,C1=C(C=C(C(=C1Br)OC2=CC(=C(C=C2Br)Br)Br)Br)Br,0.56,-1.41,,,,,,"Huang et al., 2011",,Ryegrass
BDE-154,7.82,0.98,643.6,C1=C(C=C(C(=C1Br)OC2=CC(=C(C=C2Br)Br)Br)Br)Br,0.7,-1.15,,,,,,"Huang et al., 2011",,Pumpkin
BDE-154,7.82,0.98,643.6,C1=C(C=C(C(=C1Br)OC2=CC(=C(C=C2Br)Br)Br)Br)Br,0.53,-1.06,,,,,,"Huang et al., 2011",,Maize
BDE-154,7.82,0.98,643.6,C1=C(C=C(C(=C1Br)OC2=CC(=C(C=C2Br)Br)Br)Br)Br,0.56,-1.14,,,,,,"Huang et al., 2011",,Ryegrass
BDE-17,5.74,3.19,406.89,C1=CC=C(C(=C1)OC2=C(C=C(C=C2)Br)Br)Br,0.7,-1.09,,,,,,"Huang et al., 2011",,Pumpkin
BDE-17,5.74,3.19,406.89,C1=CC=C(C(=C1)OC2=C(C=C(C=C2)Br)Br)Br,0.53,-1.08,,,,,,"Huang et al., 2011",,Maize
BDE-17,5.74,3.19,406.89,C1=CC=C(C(=C1)OC2=C(C=C(C=C2)Br)Br)Br,0.56,-1.24,,,,,,"Huang et al., 2011",,Ryegrass
BDE-17,5.74,1.9,406.89,C1=CC=C(C(=C1)OC2=C(C=C(C=C2)Br)Br)Br,0.7,-1.1,,,,,,"Huang et al., 2011",,Pumpkin
BDE-17,5.74,1.9,406.89,C1=CC=C(C(=C1)OC2=C(C=C(C=C2)Br)Br)Br,0.53,-1.03,,,,,,"Huang et al., 2011",,Maize
BDE-17,5.74,1.9,406.89,C1=CC=C(C(=C1)OC2=C(C=C(C=C2)Br)Br)Br,0.56,-1.09,,,,,,"Huang et al., 2011",,Ryegrass
BDE-17,5.74,0.98,406.89,C1=CC=C(C(=C1)OC2=C(C=C(C=C2)Br)Br)Br,0.7,-0.8,,,,,,"Huang et al., 2011",,Pumpkin
BDE-183,8.27,3.19,722.5,C1=C(C(=CC(=C1Br)Br)Br)OC2=C(C(=C(C=C2Br)Br)Br)Br,0.7,-1.55,,,,,,"Huang et al., 2011",,Pumpkin
BDE-183,8.27,3.19,722.5,C1=C(C(=CC(=C1Br)Br)Br)OC2=C(C(=C(C=C2Br)Br)Br)Br,0.53,-1.59,,,,,,"Huang et al., 2011",,Maize
BDE-183,8.27,3.19,722.5,C1=C(C(=CC(=C1Br)Br)Br)OC2=C(C(=C(C=C2Br)Br)Br)Br,0.56,-1.37,,,,,,"Huang et al., 2011",,Ryegrass
BDE-183,8.27,1.9,722.5,C1=C(C(=CC(=C1Br)Br)Br)OC2=C(C(=C(C=C2Br)Br)Br)Br,0.7,-1.17,,,,,,"Huang et al., 2011",,Pumpkin
BDE-183,8.27,1.9,722.5,C1=C(C(=CC(=C1Br)Br)Br)OC2=C(C(=C(C=C2Br)Br)Br)Br,0.53,-0.96,,,,,,"Huang et al., 2011",,Maize
BDE-183,8.27,1.9,722.5,C1=C(C(=CC(=C1Br)Br)Br)OC2=C(C(=C(C=C2Br)Br)Br)Br,0.56,-1.02,,,,,,"Huang et al., 2011",,Ryegrass
BDE-183,8.27,0.98,722.5,C1=C(C(=CC(=C1Br)Br)Br)OC2=C(C(=C(C=C2Br)Br)Br)Br,0.7,-1.7,,,,,,"Huang et al., 2011",,Pumpkin
BDE-183,8.27,0.98,722.5,C1=C(C(=CC(=C1Br)Br)Br)OC2=C(C(=C(C=C2Br)Br)Br)Br,0.53,-1.52,,,,,,"Huang et al., 2011",,Maize
BDE-183,8.27,0.98,722.5,C1=C(C(=CC(=C1Br)Br)Br)OC2=C(C(=C(C=C2Br)Br)Br)Br,0.56,-1.5,,,,,,"Huang et al., 2011",,Ryegrass
BDE-206,8.47,3.19,880.3,C1=C(C(=C(C(=C1Br)Br)Br)Br)OC2=C(C(=C(C(=C2Br)Br)Br)Br)Br,0.7,-1.12,,,,,,"Huang et al., 2011",,Pumpkin
BDE-206,8.47,3.19,880.3,C1=C(C(=C(C(=C1Br)Br)Br)Br)OC2=C(C(=C(C(=C2Br)Br)Br)Br)Br,0.53,-0.95,,,,,,"Huang et al., 2011",,Maize
BDE-206,8.47,3.19,880.3,C1=C(C(=C(C(=C1Br)Br)Br)Br)OC2=C(C(=C(C(=C2Br)Br)Br)Br)Br,0.56,-1.6,,,,,,"Huang et al., 2011",,Ryegrass
BDE-206,8.47,1.9,880.3,C1=C(C(=C(C(=C1Br)Br)Br)Br)OC2=C(C(=C(C(=C2Br)Br)Br)Br)Br,0.7,-1.74,,,,,,"Huang et al., 2011",,Pumpkin
BDE-206,8.47,1.9,880.3,C1=C(C(=C(C(=C1Br)Br)Br)Br)OC2=C(C(=C(C(=C2Br)Br)Br)Br)Br,0.53,-1.5,,,,,,"Huang et al., 2011",,Maize
BDE-206,8.47,1.9,880.3,C1=C(C(=C(C(=C1Br)Br)Br)Br)OC2=C(C(=C(C(=C2Br)Br)Br)Br)Br,0.56,-1.69,,,,,,"Huang et al., 2011",,Ryegrass
BDE-209,8.7,0.98,959.2,C1(=C(C(=C(C(=C1Br)Br)Br)Br)Br)OC2=C(C(=C(C(=C2Br)Br)Br)Br)Br,0.7,-1.28,,,,,,"Huang et al., 2011",,Pumpkin
BDE-209,8.7,3.19,959.2,C1(=C(C(=C(C(=C1Br)Br)Br)Br)Br)OC2=C(C(=C(C(=C2Br)Br)Br)Br)Br,0.53,-1.48,,,,,,"Huang et al., 2011",,Maize
BDE-209,8.7,3.19,959.2,C1(=C(C(=C(C(=C1Br)Br)Br)Br)Br)OC2=C(C(=C(C(=C2Br)Br)Br)Br)Br,0.56,-1.38,,,,,,"Huang et al., 2011",,Ryegrass
BDE-209,8.7,1.9,959.2,C1(=C(C(=C(C(=C1Br)Br)Br)Br)Br)OC2=C(C(=C(C(=C2Br)Br)Br)Br)Br,0.7,-1.5,,,,,,"Huang et al., 2011",,Pumpkin
BDE-209,8.7,1.9,959.2,C1(=C(C(=C(C(=C1Br)Br)Br)Br)Br)OC2=C(C(=C(C(=C2Br)Br)Br)Br)Br,0.53,-1.54,,,,,,"Huang et al., 2011",,Maize
BDE-209,8.7,1.9,959.2,C1(=C(C(=C(C(=C1Br)Br)Br)Br)Br)OC2=C(C(=C(C(=C2Br)Br)Br)Br)Br,0.56,-1.64,,,,,,"Huang et al., 2011",,Ryegrass
BDE-28,5.94,3.19,406.89,C1=CC(=CC=C1OC2=C(C=C(C=C2)Br)Br)Br,0.53,-1.13,,,,,,"Huang et al., 2011",,Maize
BDE-28,5.94,1.9,406.89,C1=CC(=CC=C1OC2=C(C=C(C=C2)Br)Br)Br,0.53,-0.92,,,,,,"Huang et al., 2011",,Maize
BDE-28,5.94,1.9,406.89,C1=CC(=CC=C1OC2=C(C=C(C=C2)Br)Br)Br,0.56,-0.8,,,,,,"Huang et al., 2011",,Ryegrass
BDE-47,6.81,3.19,485.79,C1=CC(=C(C=C1Br)Br)OC2=C(C=C(C=C2)Br)Br,0.7,-0.8,,,,,,"Huang et al., 2011",,Pumpkin
BDE-47,6.81,3.19,485.79,C1=CC(=C(C=C1Br)Br)OC2=C(C=C(C=C2)Br)Br,0.53,-0.88,,,,,,"Huang et al., 2011",,Maize
BDE-47,6.81,3.19,485.79,C1=CC(=C(C=C1Br)Br)OC2=C(C=C(C=C2)Br)Br,0.56,-0.89,,,,,,"Huang et al., 2011",,Ryegrass
BDE-47,6.81,1.9,485.79,C1=CC(=C(C=C1Br)Br)OC2=C(C=C(C=C2)Br)Br,0.7,-0.64,,,,,,"Huang et al., 2011",,Pumpkin
BDE-47,6.81,1.9,485.79,C1=CC(=C(C=C1Br)Br)OC2=C(C=C(C=C2)Br)Br,0.53,-0.75,,,,,,"Huang et al., 2011",,Maize
BDE-47,6.81,1.9,485.79,C1=CC(=C(C=C1Br)Br)OC2=C(C=C(C=C2)Br)Br,0.56,-0.73,,,,,,"Huang et al., 2011",,Ryegrass
BDE-47,6.81,0.98,485.79,C1=CC(=C(C=C1Br)Br)OC2=C(C=C(C=C2)Br)Br,0.7,-0.92,,,,,,"Huang et al., 2011",,Pumpkin
BDE-47,6.81,0.98,485.79,C1=CC(=C(C=C1Br)Br)OC2=C(C=C(C=C2)Br)Br,0.53,-1.05,,,,,,"Huang et al., 2011",,Maize
BDE-99,7.32,3.19,564.7,C1=CC(=C(C=C1Br)Br)OC2=CC(=C(C=C2Br)Br)Br,0.7,-1.07,,,,,,"Huang et al., 2011",,Pumpkin
BDE-99,7.32,3.19,564.7,C1=CC(=C(C=C1Br)Br)OC2=CC(=C(C=C2Br)Br)Br,0.53,-1.08,,,,,,"Huang et al., 2011",,Maize
BDE-99,7.32,3.19,564.7,C1=CC(=C(C=C1Br)Br)OC2=CC(=C(C=C2Br)Br)Br,0.56,-1.11,,,,,,"Huang et al., 2011",,Ryegrass
BDE-99,7.32,1.9,564.7,C1=CC(=C(C=C1Br)Br)OC2=CC(=C(C=C2Br)Br)Br,0.7,-0.9,,,,,,"Huang et al., 2011",,Pumpkin
BDE-99,7.32,1.9,564.7,C1=CC(=C(C=C1Br)Br)OC2=CC(=C(C=C2Br)Br)Br,0.53,-1.06,,,,,,"Huang et al., 2011",,Maize
BDE-99,7.32,1.9,564.7,C1=CC(=C(C=C1Br)Br)OC2=CC(=C(C=C2Br)Br)Br,0.56,-1.27,,,,,,"Huang et al., 2011",,Ryegrass
BDE-99,7.32,0.98,564.7,C1=CC(=C(C=C1Br)Br)OC2=CC(=C(C=C2Br)Br)Br,0.7,-0.98,,,,,,"Huang et al., 2011",,Pumpkin
BDE-99,7.32,0.98,564.7,C1=CC(=C(C=C1Br)Br)OC2=CC(=C(C=C2Br)Br)Br,0.53,-1.05,,,,,,"Huang et al., 2011",,Maize
BDE-99,7.32,0.98,564.7,C1=CC(=C(C=C1Br)Br)OC2=CC(=C(C=C2Br)Br)Br,0.56,-0.88,,,,,,"Huang et al., 2011",,Ryegrass
alpha-HBCD,5.38,1.85,641.7,C1C[C@H]([C@H](CC[C@H]([C@@H](CC[C@@H]([C@@H]1Br)Br)Br)Br)Br)Br,1.1,-0.61,,,,,,"Zhu et al., 2016",,Wheat
Dieldrin,4.55,13.28,380.9,C1C2C3C(C1C4C2O4)C5(C(=C(C3(C5(Cl)Cl)Cl)Cl)Cl)Cl,0.53,-0.82,,,,,,"Beestman et al., 1969",,Maize
Dieldrin,4.55,0.69,380.9,C1C2C3C(C1C4C2O4)C5(C(=C(C3(C5(Cl)Cl)Cl)Cl)Cl)Cl,0.53,0.52,,,,,,"Beestman et al., 1969",,Maize
Dieldrin,4.55,0.86,380.9,C1C2C3C(C1C4C2O4)C5(C(=C(C3(C5(Cl)Cl)Cl)Cl)Cl)Cl,0.53,0.38,,,,,,"Beestman et al., 1969",,Maize
Dieldrin,4.55,6.55,380.9,C1C2C3C(C1C4C2O4)C5(C(=C(C3(C5(Cl)Cl)Cl)Cl)Cl)Cl,0.53,-0.54,,,,,,"Beestman et al., 1969",,Maize
Dieldrin,4.55,1.21,380.9,C1C2C3C(C1C4C2O4)C5(C(=C(C3(C5(Cl)Cl)Cl)Cl)Cl)Cl,0.53,0.22,,,,,,"Beestman et al., 1969",,Maize
Dieldrin,4.55,8.97,380.9,C1C2C3C(C1C4C2O4)C5(C(=C(C3(C5(Cl)Cl)Cl)Cl)Cl)Cl,0.53,-0.64,,,,,,"Beestman et al., 1969",,Maize
"1,4-DCB",3.37,3.55,147,C1=CC(=CC=C1Cl)Cl,1,1.03,,,,,,"Scheunert et al., 1994",,Barely
"1,2,4-TCB",4.02,3.55,181.4,C1=CC(=C(C=C1Cl)Cl)Cl,1,0.65,,,,,,"Scheunert et al., 1994",,Barely
"1,2,3,5-TeCB",4.59,3.55,215.9,C1=C(C=C(C(=C1Cl)Cl)Cl)Cl,1,0.75,,,,,,"Scheunert et al., 1994",,Barely
Pentachlorobeneze,5.03,3.55,250.3,C1=C(C(=C(C(=C1Cl)Cl)Cl)Cl)Cl,1,0.03,,,,,,"Scheunert et al., 1994",,Barely
Hexachlorobenze,5.5,3.55,284.8,C1(=C(C(=C(C(=C1Cl)Cl)Cl)Cl)Cl)Cl,1,-0.09,,,,,,"Scheunert et al., 1994",,Barely
Naphthalene,3.36,5.31,128.17,C1=CC=C2C=CC=CC2=C1,1.14,-0.42,,,,,,"Tao et al., 2009",,Wheat
Naphthalene,3.36,1.41,128.17,C1=CC=C2C=CC=CC2=C1,1.14,-0.01,,,,,,"Tao et al., 2009",,Wheat
Naphthalene,3.36,4.33,128.17,C1=CC=C2C=CC=CC2=C1,1.14,-0.16,,,,,,"Tao et al., 2009",,Wheat
Naphthalene,3.36,2.71,128.17,C1=CC=C2C=CC=CC2=C1,1.14,0.17,,,,,,"Tao et al., 2009",,Wheat
Naphthalene,3.36,5.71,128.17,C1=CC=C2C=CC=CC2=C1,1.14,-0.61,,,,,,"Tao et al., 2009",,Wheat
Naphthalene,3.36,2.6,128.17,C1=CC=C2C=CC=CC2=C1,1.14,-0.02,,,,,,"Tao et al., 2009",,Wheat
Naphthalene,3.36,4.81,128.17,C1=CC=C2C=CC=CC2=C1,1.14,-0.44,,,,,,"Tao et al., 2009",,Wheat
Naphthalene,3.36,2.67,128.17,C1=CC=C2C=CC=CC2=C1,1.14,-0.17,,,,,,"Tao et al., 2009",,Wheat
Naphthalene,3.36,4.74,128.17,C1=CC=C2C=CC=CC2=C1,1.14,-0.18,,,,,,"Tao et al., 2009",,Wheat
Naphthalene,3.36,4.16,128.17,C1=CC=C2C=CC=CC2=C1,1.14,-0.1,,,,,,"Tao et al., 2009",,Wheat
Acenaphthene,3.92,4.33,154.21,C1CC2=CC=CC3=C2C1=CC=C3,1.14,-0.11,,,,,,"Tao et al., 2009",,Wheat
Acenaphthene,3.92,2.71,154.21,C1CC2=CC=CC3=C2C1=CC=C3,1.14,-0.02,,,,,,"Tao et al., 2009",,Wheat
Acenaphthene,3.92,5.71,154.21,C1CC2=CC=CC3=C2C1=CC=C3,1.14,-0.68,,,,,,"Tao et al., 2009",,Wheat
Acenaphthene,3.92,2.6,154.21,C1CC2=CC=CC3=C2C1=CC=C3,1.14,-0.09,,,,,,"Tao et al., 2009",,Wheat
Acenaphthene,3.92,3.47,154.21,C1CC2=CC=CC3=C2C1=CC=C3,1.14,-0.53,,,,,,"Tao et al., 2009",,Wheat
Acenaphthene,3.92,5.31,154.21,C1CC2=CC=CC3=C2C1=CC=C3,1.14,-0.38,,,,,,"Tao et al., 2009",,Wheat
Acenaphthene,3.92,3.47,154.21,C1CC2=CC=CC3=C2C1=CC=C3,1.14,-0.46,,,,,,"Tao et al., 2009",,Wheat
Acenaphthene,3.92,6.22,154.21,C1CC2=CC=CC3=C2C1=CC=C3,1.14,-0.68,,,,,,"Tao et al., 2009",,Wheat
Acenaphthene,3.92,4.81,154.21,C1CC2=CC=CC3=C2C1=CC=C3,1.14,-0.31,,,,,,"Tao et al., 2009",,Wheat
Acenaphthene,3.92,2.67,154.21,C1CC2=CC=CC3=C2C1=CC=C3,1.14,-0.18,,,,,,"Tao et al., 2009",,Wheat
Acenaphthene,3.92,4.74,154.21,C1CC2=CC=CC3=C2C1=CC=C3,1.14,-0.25,,,,,,"Tao et al., 2009",,Wheat
Acenaphthene,3.92,4.16,154.21,C1CC2=CC=CC3=C2C1=CC=C3,1.14,-0.39,,,,,,"Tao et al., 2009",,Wheat
Fluorene,4.18,1.41,166.22,C1C2=CC=CC=C2C3=CC=CC=C31,1.14,-0.04,,,,,,"Tao et al., 2009",,Wheat
Fluorene,4.18,4.33,166.22,C1C2=CC=CC=C2C3=CC=CC=C31,1.14,-0.28,,,,,,"Tao et al., 2009",,Wheat
Fluorene,4.18,5.71,166.22,C1C2=CC=CC=C2C3=CC=CC=C31,1.14,-0.55,,,,,,"Tao et al., 2009",,Wheat
Fluorene,4.18,3.47,166.22,C1C2=CC=CC=C2C3=CC=CC=C31,1.14,-0.35,,,,,,"Tao et al., 2009",,Wheat
Fluorene,4.18,5.31,166.22,C1C2=CC=CC=C2C3=CC=CC=C31,1.14,-0.4,,,,,,"Tao et al., 2009",,Wheat
Fluorene,4.18,3.47,166.22,C1C2=CC=CC=C2C3=CC=CC=C31,1.14,-0.48,,,,,,"Tao et al., 2009",,Wheat
Fluorene,4.18,6.22,166.22,C1C2=CC=CC=C2C3=CC=CC=C31,1.14,-0.66,,,,,,"Tao et al., 2009",,Wheat
Fluorene,4.18,4.81,166.22,C1C2=CC=CC=C2C3=CC=CC=C31,1.14,-0.2,,,,,,"Tao et al., 2009",,Wheat
Fluorene,4.18,2.67,166.22,C1C2=CC=CC=C2C3=CC=CC=C31,1.14,-0.12,,,,,,"Tao et al., 2009",,Wheat
Fluorene,4.18,4.16,166.22,C1C2=CC=CC=C2C3=CC=CC=C31,1.14,-0.3,,,,,,"Tao et al., 2009",,Wheat
Phenanthrene,4.46,5.31,178.23,C1=CC=C2C(=C1)C=CC3=CC=CC=C32,1.14,-0.74,,,,,,"Tao et al., 2009",,Wheat
Phenanthrene,4.46,1.41,178.23,C1=CC=C2C(=C1)C=CC3=CC=CC=C32,1.14,-0.16,,,,,,"Tao et al., 2009",,Wheat
Phenanthrene,4.46,4.33,178.23,C1=CC=C2C(=C1)C=CC3=CC=CC=C32,1.14,-0.27,,,,,,"Tao et al., 2009",,Wheat
Phenanthrene,4.46,2.71,178.23,C1=CC=C2C(=C1)C=CC3=CC=CC=C32,1.14,-0.14,,,,,,"Tao et al., 2009",,Wheat
Phenanthrene,4.46,5.71,178.23,C1=CC=C2C(=C1)C=CC3=CC=CC=C32,1.14,-0.8,,,,,,"Tao et al., 2009",,Wheat
Phenanthrene,4.46,2.6,178.23,C1=CC=C2C(=C1)C=CC3=CC=CC=C32,1.14,-0.14,,,,,,"Tao et al., 2009",,Wheat
Phenanthrene,4.46,3.47,178.23,C1=CC=C2C(=C1)C=CC3=CC=CC=C32,1.14,-0.54,,,,,,"Tao et al., 2009",,Wheat
Phenanthrene,4.46,5.31,178.23,C1=CC=C2C(=C1)C=CC3=CC=CC=C32,1.14,-0.56,,,,,,"Tao et al., 2009",,Wheat
Phenanthrene,4.46,6.22,178.23,C1=CC=C2C(=C1)C=CC3=CC=CC=C32,1.14,-0.72,,,,,,"Tao et al., 2009",,Wheat
Phenanthrene,4.46,4.81,178.23,C1=CC=C2C(=C1)C=CC3=CC=CC=C32,1.14,-0.36,,,,,,"Tao et al., 2009",,Wheat
Phenanthrene,4.46,2.67,178.23,C1=CC=C2C(=C1)C=CC3=CC=CC=C32,1.14,-0.22,,,,,,"Tao et al., 2009",,Wheat
Phenanthrene,4.46,4.74,178.23,C1=CC=C2C(=C1)C=CC3=CC=CC=C32,1.14,-0.47,,,,,,"Tao et al., 2009",,Wheat
Phenanthrene,4.46,4.16,178.23,C1=CC=C2C(=C1)C=CC3=CC=CC=C32,1.14,-0.41,,,,,,"Tao et al., 2009",,Wheat
Anthracene,4.54,5.31,178.23,C1=CC=C2C=C3C=CC=CC3=CC2=C1,1.14,-0.87,,,,,,"Tao et al., 2009",,Wheat
Anthracene,4.54,1.41,178.23,C1=CC=C2C=C3C=CC=CC3=CC2=C1,1.14,-0.22,,,,,,"Tao et al., 2009",,Wheat
Anthracene,4.54,2.71,178.23,C1=CC=C2C=C3C=CC=CC3=CC2=C1,1.14,-0.24,,,,,,"Tao et al., 2009",,Wheat
Anthracene,4.54,5.71,178.23,C1=CC=C2C=C3C=CC=CC3=CC2=C1,1.14,-0.7,,,,,,"Tao et al., 2009",,Wheat
Anthracene,4.54,2.6,178.23,C1=CC=C2C=C3C=CC=CC3=CC2=C1,1.14,-0.51,,,,,,"Tao et al., 2009",,Wheat
Anthracene,4.54,3.47,178.23,C1=CC=C2C=C3C=CC=CC3=CC2=C1,1.14,-0.34,,,,,,"Tao et al., 2009",,Wheat
Anthracene,4.54,5.31,178.23,C1=CC=C2C=C3C=CC=CC3=CC2=C1,1.14,-0.39,,,,,,"Tao et al., 2009",,Wheat
Anthracene,4.54,3.47,178.23,C1=CC=C2C=C3C=CC=CC3=CC2=C1,1.14,-0.95,,,,,,"Tao et al., 2009",,Wheat
Anthracene,4.54,6.22,178.23,C1=CC=C2C=C3C=CC=CC3=CC2=C1,1.14,-0.66,,,,,,"Tao et al., 2009",,Wheat
Anthracene,4.54,4.81,178.23,C1=CC=C2C=C3C=CC=CC3=CC2=C1,1.14,-0.29,,,,,,"Tao et al., 2009",,Wheat
Anthracene,4.54,4.74,178.23,C1=CC=C2C=C3C=CC=CC3=CC2=C1,1.14,-0.35,,,,,,"Tao et al., 2009",,Wheat
Anthracene,4.54,4.16,178.23,C1=CC=C2C=C3C=CC=CC3=CC2=C1,1.14,-0.29,,,,,,"Tao et al., 2009",,Wheat
Fluoranthene,5.16,1.41,202.25,C1=CC=C2C(=C1)C3=CC=CC4=C3C2=CC=C4,1.14,0.01,,,,,,"Tao et al., 2009",,Wheat
Fluoranthene,5.16,4.33,202.25,C1=CC=C2C(=C1)C3=CC=CC4=C3C2=CC=C4,1.14,-0.43,,,,,,"Tao et al., 2009",,Wheat
Fluoranthene,5.16,5.71,202.25,C1=CC=C2C(=C1)C3=CC=CC4=C3C2=CC=C4,1.14,-0.45,,,,,,"Tao et al., 2009",,Wheat
Fluoranthene,5.16,3.47,202.25,C1=CC=C2C(=C1)C3=CC=CC4=C3C2=CC=C4,1.14,-0.26,,,,,,"Tao et al., 2009",,Wheat
Fluoranthene,5.16,5.31,202.25,C1=CC=C2C(=C1)C3=CC=CC4=C3C2=CC=C4,1.14,-0.45,,,,,,"Tao et al., 2009",,Wheat
Pyrene,5.18,1.41,202.25,C1=CC2=C3C(=C1)C=CC4=CC=CC(=C43)C=C2,1.14,-0.13,,,,,,"Tao et al., 2009",,Wheat
Pyrene,5.18,4.33,202.25,C1=CC2=C3C(=C1)C=CC4=CC=CC(=C43)C=C2,1.14,-0.5,,,,,,"Tao et al., 2009",,Wheat
Pyrene,5.18,5.71,202.25,C1=CC2=C3C(=C1)C=CC4=CC=CC(=C43)C=C2,1.14,-0.53,,,,,,"Tao et al., 2009",,Wheat
Pyrene,5.18,3.47,202.25,C1=CC2=C3C(=C1)C=CC4=CC=CC(=C43)C=C2,1.14,-0.28,,,,,,"Tao et al., 2009",,Wheat
Pyrene,5.18,5.31,202.25,C1=CC2=C3C(=C1)C=CC4=CC=CC(=C43)C=C2,1.14,-0.6,,,,,,"Tao et al., 2009",,Wheat
Pyrene,5.18,6.22,202.25,C1=CC2=C3C(=C1)C=CC4=CC=CC(=C43)C=C2,1.14,-0.53,,,,,,"Tao et al., 2009",,Wheat
Benzo[a]anthracene,5.61,1.41,228.3,C1=CC=C2C(=C1)C=CC3=CC4=CC=CC=C4C=C32,1.14,0.11,,,,,,"Tao et al., 2009",,Wheat
Benzo[a]anthracene,5.61,4.33,228.3,C1=CC=C2C(=C1)C=CC3=CC4=CC=CC=C4C=C32,1.14,-0.44,,,,,,"Tao et al., 2009",,Wheat
Benzo[a]anthracene,5.61,5.31,228.3,C1=CC=C2C(=C1)C=CC3=CC4=CC=CC=C4C=C32,1.14,-0.72,,,,,,"Tao et al., 2009",,Wheat
Benzo[a]anthracene,5.61,3.47,228.3,C1=CC=C2C(=C1)C=CC3=CC4=CC=CC=C4C=C32,1.14,-0.35,,,,,,"Tao et al., 2009",,Wheat
Chrysene,5.73,5.31,228.3,C1=CC=C2C(=C1)C=CC3=C2C=CC4=CC=CC=C43,1.14,-1.23,,,,,,"Tao et al., 2009",,Wheat
Chrysene,5.73,1.41,228.3,C1=CC=C2C(=C1)C=CC3=C2C=CC4=CC=CC=C43,1.14,0.08,,,,,,"Tao et al., 2009",,Wheat
Chrysene,5.73,5.71,228.3,C1=CC=C2C(=C1)C=CC3=C2C=CC4=CC=CC=C43,1.14,-0.52,,,,,,"Tao et al., 2009",,Wheat
Chrysene,5.73,3.47,228.3,C1=CC=C2C(=C1)C=CC3=C2C=CC4=CC=CC=C43,1.14,-0.33,,,,,,"Tao et al., 2009",,Wheat
benzo[b]fluoranthene,5.78,3.47,252.3,C1=CC=C2C3=C4C(=CC=C3)C5=CC=CC=C5C4=CC2=C1,1.14,-0.81,,,,,,"Tao et al., 2009",,Wheat
benzo[b]fluoranthene,5.78,6.22,252.3,C1=CC=C2C3=C4C(=CC=C3)C5=CC=CC=C5C4=CC2=C1,1.14,-0.98,,,,,,"Tao et al., 2009",,Wheat
benzo[b]fluoranthene,5.78,4.81,252.3,C1=CC=C2C3=C4C(=CC=C3)C5=CC=CC=C5C4=CC2=C1,1.14,-0.76,,,,,,"Tao et al., 2009",,Wheat
benzo[b]fluoranthene,5.78,2.67,252.3,C1=CC=C2C3=C4C(=CC=C3)C5=CC=CC=C5C4=CC2=C1,1.14,-0.2,,,,,,"Tao et al., 2009",,Wheat
benzo[b]fluoranthene,5.78,4.16,252.3,C1=CC=C2C3=C4C(=CC=C3)C5=CC=CC=C5C4=CC2=C1,1.14,-0.66,,,,,,"Tao et al., 2009",,Wheat
benzo[k]fluoranthene,6.2,4.33,252.3,C1=CC=C2C=C3C4=CC=CC5=C4C(=CC=C5)C3=CC2=C1,1.14,-1.39,,,,,,"Tao et al., 2009",,Wheat
benzo[k]fluoranthene,6.2,2.71,252.3,C1=CC=C2C=C3C4=CC=CC5=C4C(=CC=C5)C3=CC2=C1,1.14,-0.71,,,,,,"Tao et al., 2009",,Wheat
benzo[k]fluoranthene,6.2,5.71,252.3,C1=CC=C2C=C3C4=CC=CC5=C4C(=CC=C5)C3=CC2=C1,1.14,-1.04,,,,,,"Tao et al., 2009",,Wheat
benzo[k]fluoranthene,6.2,3.47,252.3,C1=CC=C2C=C3C4=CC=CC5=C4C(=CC=C5)C3=CC2=C1,1.14,-1,,,,,,"Tao et al., 2009",,Wheat
benzo[k]fluoranthene,6.2,5.31,252.3,C1=CC=C2C=C3C4=CC=CC5=C4C(=CC=C5)C3=CC2=C1,1.14,-1.33,,,,,,"Tao et al., 2009",,Wheat
benzo[k]fluoranthene,6.2,3.47,252.3,C1=CC=C2C=C3C4=CC=CC5=C4C(=CC=C5)C3=CC2=C1,1.14,-0.82,,,,,,"Tao et al., 2009",,Wheat
benzo[k]fluoranthene,6.2,6.22,252.3,C1=CC=C2C=C3C4=CC=CC5=C4C(=CC=C5)C3=CC2=C1,1.14,-1.23,,,,,,"Tao et al., 2009",,Wheat
benzo[k]fluoranthene,6.2,4.74,252.3,C1=CC=C2C=C3C4=CC=CC5=C4C(=CC=C5)C3=CC2=C1,1.14,-1.05,,,,,,"Tao et al., 2009",,Wheat
Benzo[a]pyrene,6.41,5.31,252.3,C1=CC=C2C3=C4C(=CC2=C1)C=CC5=C4C(=CC=C5)C=C3,1.14,-1.58,,,,,,"Tao et al., 2009",,Wheat
Benzo[a]pyrene,6.41,4.33,252.3,C1=CC=C2C3=C4C(=CC2=C1)C=CC5=C4C(=CC=C5)C=C3,1.14,-1.51,,,,,,"Tao et al., 2009",,Wheat
Benzo[a]pyrene,6.41,5.71,252.3,C1=CC=C2C3=C4C(=CC2=C1)C=CC5=C4C(=CC=C5)C=C3,1.14,-1.25,,,,,,"Tao et al., 2009",,Wheat
Benzo[a]pyrene,6.41,3.47,252.3,C1=CC=C2C3=C4C(=CC2=C1)C=CC5=C4C(=CC=C5)C=C3,1.14,-0.98,,,,,,"Tao et al., 2009",,Wheat
Benzo[a]pyrene,6.41,6.22,252.3,C1=CC=C2C3=C4C(=CC2=C1)C=CC5=C4C(=CC=C5)C=C3,1.14,-1.05,,,,,,"Tao et al., 2009",,Wheat
"Dibenzo[a,h]anthracene",6.75,4.33,278.3,C1=CC=C2C(=C1)C=CC3=CC4=C(C=CC5=CC=CC=C54)C=C32,1.14,-1.49,,,,,,"Tao et al., 2009",,Wheat
"Dibenzo[a,h]anthracene",6.75,2.71,278.3,C1=CC=C2C(=C1)C=CC3=CC4=C(C=CC5=CC=CC=C54)C=C32,1.14,-1.17,,,,,,"Tao et al., 2009",,Wheat
"Dibenzo[a,h]anthracene",6.75,2.6,278.3,C1=CC=C2C(=C1)C=CC3=CC4=C(C=CC5=CC=CC=C54)C=C32,1.14,-1.39,,,,,,"Tao et al., 2009",,Wheat
"Dibenzo[a,h]anthracene",6.75,3.47,278.3,C1=CC=C2C(=C1)C=CC3=CC4=C(C=CC5=CC=CC=C54)C=C32,1.14,-1.22,,,,,,"Tao et al., 2009",,Wheat
"Dibenzo[a,h]anthracene",6.75,5.31,278.3,C1=CC=C2C(=C1)C=CC3=CC4=C(C=CC5=CC=CC=C54)C=C32,1.14,-1.55,,,,,,"Tao et al., 2009",,Wheat
"Dibenzo[a,h]anthracene",6.75,3.47,278.3,C1=CC=C2C(=C1)C=CC3=CC4=C(C=CC5=CC=CC=C54)C=C32,1.14,-1.1,,,,,,"Tao et al., 2009",,Wheat
"Benzo[g,h,i]perylene",6.9,1.41,276.3,C1=CC2=C3C(=C1)C4=CC=CC5=C4C6=C(C=C5)C=CC(=C36)C=C2,1.14,-1.22,,,,,,"Tao et al., 2009",,Wheat
"Benzo[g,h,i]perylene",6.9,2.71,276.3,C1=CC2=C3C(=C1)C4=CC=CC5=C4C6=C(C=C5)C=CC(=C36)C=C2,1.14,-0.99,,,,,,"Tao et al., 2009",,Wheat
"Benzo[g,h,i]perylene",6.9,5.71,276.3,C1=CC2=C3C(=C1)C4=CC=CC5=C4C6=C(C=C5)C=CC(=C36)C=C2,1.14,-1.25,,,,,,"Tao et al., 2009",,Wheat
"Benzo[g,h,i]perylene",6.9,2.6,276.3,C1=CC2=C3C(=C1)C4=CC=CC5=C4C6=C(C=C5)C=CC(=C36)C=C2,1.14,-1.36,,,,,,"Tao et al., 2009",,Wheat
"Benzo[g,h,i]perylene",6.9,5.31,276.3,C1=CC2=C3C(=C1)C4=CC=CC5=C4C6=C(C=C5)C=CC(=C36)C=C2,1.14,-1.65,,,,,,"Tao et al., 2009",,Wheat
Atrazine,2.71,3.55,215.68,CCNC1=NC(=NC(=N1)Cl)NC(C)C,1,0.08,,,,,,"Trapp et al., 1990",,Barely
"1,2,4-Trichlorobenzene",3.98,3.55,181.4,C1=CC(=C(C=C1Cl)Cl)Cl,1,0.03,,,,,,"Trapp et al., 1990",,Barely
"1,2,3,5-Tetrachlorobenzene",4.59,3.55,215.9,C1=C(C=C(C(=C1Cl)Cl)Cl)Cl,1,0.23,,,,,,"Trapp et al., 1990",,Barely
Dieldrin,4.55,3.55,380.9,C1C2C3C(C1C4C2O4)C5(C(=C(C3(C5(Cl)Cl)Cl)Cl)Cl)Cl,1,-0.26,,,,,,"Trapp et al., 1990",,Barely
Hexachlorobenzene,5.5,3.55,284.8,C1(=C(C(=C(C(=C1Cl)Cl)Cl)Cl)Cl)Cl,1,0.07,,,,,,"Trapp et al., 1990",,Barely
"2,4,6,2',4'-PCB",5.92,3.55,326.4,C1=CC(=C(C=C1Cl)C2=CC(=C(C=C2Cl)Cl)Cl)Cl,1,0.07,,,,,,"Trapp et al., 1990",,Barely
DDT,6.36,3.55,354.5,C1=CC(=CC=C1C(C2=CC=C(C=C2)Cl)C(Cl)(Cl)Cl)Cl,1,-0.48,,,,,,"Trapp et al., 1990",,Barely
Phenanthrene,4.46,2,178.23,C1=CC=C2C(=C1)C=CC3=CC=CC=C32,0.24,-0.49,,,,,,"Kipopoulou et al., 1999",,Carrot
Anthracene,4.54,2,178.23,C1=CC=C2C=C3C=CC=CC3=CC2=C1,0.24,-0.85,,,,,,"Kipopoulou et al., 1999",,Carrot
Fluoranthene,5.16,2,202.25,C1=CC=C2C(=C1)C3=CC=CC4=C3C2=CC=C4,0.24,-0.95,,,,,,"Kipopoulou et al., 1999",,Carrot
Pyrene,5.18,2,202.25,C1=CC2=C3C(=C1)C=CC4=CC=CC(=C43)C=C2,0.24,-0.85,,,,,,"Kipopoulou et al., 1999",,Carrot
Benzo[a]anthracene,5.61,2,228.3,C1=CC=C2C(=C1)C=CC3=CC4=CC=CC=C4C=C32,0.24,-1.77,,,,,,"Kipopoulou et al., 1999",,Carrot
Chrysene,5.73,2,228.3,C1=CC=C2C(=C1)C=CC3=C2C=CC4=CC=CC=C43,0.24,-1.64,,,,,,"Kipopoulou et al., 1999",,Carrot
Benzo[e]pyrene,6.44,2,252.3,C1=CC=C2C(=C1)C3=CC=CC4=C3C5=C(C=CC=C25)C=C4,0.24,-1.74,,,,,,"Kipopoulou et al., 1999",,Carrot
Benzo[b]fluoranthene,5.78,2,252.3,C1=CC=C2C3=C4C(=CC=C3)C5=CC=CC=C5C4=CC2=C1,0.24,-1.92,,,,,,"Kipopoulou et al., 1999",,Carrot
Benzo[k]fluoranthene,6.2,2,252.3,C1=CC=C2C=C3C4=CC=CC5=C4C(=CC=C5)C3=CC2=C1,0.24,-1.85,,,,,,"Kipopoulou et al., 1999",,Carrot
Benzo[a]pyrene,6.41,2,252.3,C1=CC=C2C3=C4C(=CC2=C1)C=CC5=C4C(=CC=C5)C=C3,0.24,-1.72,,,,,,"Kipopoulou et al., 1999",,Carrot
"Dibenz-[a,h]anthracene",6.75,2,278.3,C1=CC=C2C(=C1)C=CC3=CC4=C(C=CC5=CC=CC=C54)C=C32,0.24,-1.7,,,,,,"Kipopoulou et al., 1999",,Carrot
Benz[phi]perylene,6.9,2,276.3,C1=CC2=C3C(=C1)C4=CC=CC5=C4C6=C(C=C5)C=CC(=C36)C=C2,0.24,-1.89,,,,,,"Kipopoulou et al., 1999",,Carrot
"Indeno[1,2,3-cd]pyrene",6.7,2,276.3,C1=CC=C2C(=C1)C3=C4C2=CC5=CC=CC6=C5C4=C(C=C6)C=C3,0.24,-1.8,,,,,,"Kipopoulou et al., 1999",,Carrot
Galaxolide,5.9,1.55,258.4,CC1COCC2=CC3=C(C=C12)C(C(C3(C)C)C)(C)C,0.24,-1.05,,,,,,"Macherius et al., 2012",,Carrot
Galaxolide,5.9,1.55,258.4,CC1COCC2=CC3=C(C=C12)C(C(C3(C)C)C)(C)C,1,-1.08,,,,,,"Macherius et al., 2012",,Barely
Tonalide,5.7,1.55,258.4,Cc1cc2c(cc1C(C)=O)C(C)(C)CC(C)C2(C)C,0.24,-1.3,,,,,,"Macherius et al., 2012",,Carrot
Tonalide,5.7,1.55,258.4,Cc1cc2c(cc1C(C)=O)C(C)(C)CC(C)C2(C)C,1,-0.83,,,,,,"Macherius et al., 2012",,Barely
Triclocarban,4.9,3.8,315.6,C1=CC(=CC=C1NC(=O)NC2=CC(=C(C=C2)Cl)Cl)Cl,0.1,-1.51,,,,,,"Wu et al., 2012",,Radish
Triclosan,4.8,13.8,289.5,C1=CC(=C(C=C1Cl)O)OC2=C(C=C(C=C2)Cl)Cl,0.1,-1.03,,,,,,"Pannu et al., 2012",,Radish
Triclosan,4.8,4.1,289.5,C1=CC(=C(C=C1Cl)O)OC2=C(C=C(C=C2)Cl)Cl,0.1,-0.8,,,,,,"Prosser et al., 2014",,Radish
Triclosan,4.8,3.9,289.5,C1=CC(=C(C=C1Cl)O)OC2=C(C=C(C=C2)Cl)Cl,0.24,-0.62,,,,,,"Prosser et al., 2014",,Carrot
Trimethoprim,0.91,0.69,290.32,COC1=CC(=CC(=C1OC)OC)CC2=CN=C(N=C2N)N,0.24,-1.1,,,,,,"Boxall et al., 2006",,Carrot
Carbamazepine,2.45,1.72,236.27,C1=CC=C2C(=C1)C=CC3=CC=CC=C3N2C(=O)N,0.1,0.92,,,,,,"Carter et al., 2014",,Radish
BDE-66,6.29,1.9,485.79,C1=CC(=C(C=C1OC2=C(C=C(C=C2)Br)Br)Br)Br,0.7,-1.19,,,,,,"Huang et al., 2011",,Pumpkin
BDE-66,6.29,1.9,485.79,C1=CC(=C(C=C1OC2=C(C=C(C=C2)Br)Br)Br)Br,0.53,-1.28,,,,,,"Huang et al., 2011",,Maize
BDE-66,6.29,1.9,485.79,C1=CC(=C(C=C1OC2=C(C=C(C=C2)Br)Br)Br)Br,0.56,-1.24,,,,,,"Huang et al., 2011",,Ryegrass
BDE-66,6.29,3.19,485.79,C1=CC(=C(C=C1OC2=C(C=C(C=C2)Br)Br)Br)Br,0.7,-0.93,,,,,,"Huang et al., 2011",,Pumpkin
BDE-66,6.29,3.19,485.79,C1=CC(=C(C=C1OC2=C(C=C(C=C2)Br)Br)Br)Br,0.53,-0.84,,,,,,"Huang et al., 2011",,Maize
BDE-66,6.29,3.19,485.79,C1=CC(=C(C=C1OC2=C(C=C(C=C2)Br)Br)Br)Br,0.56,-0.95,,,,,,"Huang et al., 2011",,Ryegrass
BDE-66,6.29,0.98,485.79,C1=CC(=C(C=C1OC2=C(C=C(C=C2)Br)Br)Br)Br,0.7,-2.08,,,,,,"Huang et al., 2011",,Pumpkin
BDE-66,6.29,0.98,485.79,C1=CC(=C(C=C1OC2=C(C=C(C=C2)Br)Br)Br)Br,0.53,-1.77,,,,,,"Huang et al., 2011",,Maize
BDE-66,6.29,0.98,485.79,C1=CC(=C(C=C1OC2=C(C=C(C=C2)Br)Br)Br)Br,0.56,-1.72,,,,,,"Huang et al., 2011",,Ryegrass
BDE-85,6.69,1.9,564.7,C1=CC(=C(C=C1Br)Br)OC2=C(C(=C(C=C2)Br)Br)Br,0.7,-1.43,,,,,,"Huang et al., 2011",,Pumpkin
BDE-85,6.69,1.9,564.7,C1=CC(=C(C=C1Br)Br)OC2=C(C(=C(C=C2)Br)Br)Br,0.53,-1.4,,,,,,"Huang et al., 2011",,Maize
BDE-85,6.69,1.9,564.7,C1=CC(=C(C=C1Br)Br)OC2=C(C(=C(C=C2)Br)Br)Br,0.56,-1.33,,,,,,"Huang et al., 2011",,Ryegrass
BDE-85,6.69,3.19,564.7,C1=CC(=C(C=C1Br)Br)OC2=C(C(=C(C=C2)Br)Br)Br,0.7,-1.17,,,,,,"Huang et al., 2011",,Pumpkin
BDE-85,6.69,3.19,564.7,C1=CC(=C(C=C1Br)Br)OC2=C(C(=C(C=C2)Br)Br)Br,0.53,-1.01,,,,,,"Huang et al., 2011",,Maize
BDE-85,6.69,3.19,564.7,C1=CC(=C(C=C1Br)Br)OC2=C(C(=C(C=C2)Br)Br)Br,0.56,-1.24,,,,,,"Huang et al., 2011",,Ryegrass
BDE-85,6.69,0.98,564.7,C1=CC(=C(C=C1Br)Br)OC2=C(C(=C(C=C2)Br)Br)Br,0.7,-1.14,,,,,,"Huang et al., 2011",,Pumpkin
BDE-85,6.69,0.98,564.7,C1=CC(=C(C=C1Br)Br)OC2=C(C(=C(C=C2)Br)Br)Br,0.53,-1.1,,,,,,"Huang et al., 2011",,Maize
BDE-85,6.69,0.98,564.7,C1=CC(=C(C=C1Br)Br)OC2=C(C(=C(C=C2)Br)Br)Br,0.56,-1.06,,,,,,"Huang et al., 2011",,Ryegrass
BDE-191,7.49,3.19,722.5,C1=C(C=C(C(=C1Br)Br)Br)OC2=C(C(=C(C=C2Br)Br)Br)Br,0.7,-1.05,,,,,,"Huang et al., 2011",,Pumpkin
BDE-191,7.49,3.19,722.5,C1=C(C=C(C(=C1Br)Br)Br)OC2=C(C(=C(C=C2Br)Br)Br)Br,0.53,-0.82,,,,,,"Huang et al., 2011",,Maize
BDE-191,7.49,3.19,722.5,C1=C(C=C(C(=C1Br)Br)Br)OC2=C(C(=C(C=C2Br)Br)Br)Br,0.56,-0.91,,,,,,"Huang et al., 2011",,Ryegrass
BDE-191,7.49,1.9,722.5,C1=C(C=C(C(=C1Br)Br)Br)OC2=C(C(=C(C=C2Br)Br)Br)Br,0.7,-0.83,,,,,,"Huang et al., 2011",,Pumpkin
BDE-191,7.49,1.9,722.5,C1=C(C=C(C(=C1Br)Br)Br)OC2=C(C(=C(C=C2Br)Br)Br)Br,0.53,-0.85,,,,,,"Huang et al., 2011",,Maize
BDE-191,7.49,1.9,722.5,C1=C(C=C(C(=C1Br)Br)Br)OC2=C(C(=C(C=C2Br)Br)Br)Br,0.56,-1.06,,,,,,"Huang et al., 2011",,Ryegrass
BDE-191,7.49,0.98,722.5,C1=C(C=C(C(=C1Br)Br)Br)OC2=C(C(=C(C=C2Br)Br)Br)Br,0.7,-1.44,,,,,,"Huang et al., 2011",,Pumpkin
BDE-191,7.49,0.98,722.5,C1=C(C=C(C(=C1Br)Br)Br)OC2=C(C(=C(C=C2Br)Br)Br)Br,0.53,-1.04,,,,,,"Huang et al., 2011",,Maize
BDE-191,7.49,0.98,722.5,C1=C(C=C(C(=C1Br)Br)Br)OC2=C(C(=C(C=C2Br)Br)Br)Br,0.56,-1.2,,,,,,"Huang et al., 2011",,Ryegrass
BDE-197,7.9,3.19,801.4,C1=C(C(=C(C(=C1Br)Br)Br)OC2=C(C(=C(C=C2Br)Br)Br)Br)Br,0.7,-1.43,,,,,,"Huang et al., 2011",,Pumpkin
BDE-197,7.9,3.19,801.4,C1=C(C(=C(C(=C1Br)Br)Br)OC2=C(C(=C(C=C2Br)Br)Br)Br)Br,0.53,-1.38,,,,,,"Huang et al., 2011",,Maize
BDE-197,7.9,3.19,801.4,C1=C(C(=C(C(=C1Br)Br)Br)OC2=C(C(=C(C=C2Br)Br)Br)Br)Br,0.56,-1.19,,,,,,"Huang et al., 2011",,Ryegrass
BDE-197,7.9,1.9,801.4,C1=C(C(=C(C(=C1Br)Br)Br)OC2=C(C(=C(C=C2Br)Br)Br)Br)Br,0.7,-1.08,,,,,,"Huang et al., 2011",,Pumpkin
BDE-197,7.9,1.9,801.4,C1=C(C(=C(C(=C1Br)Br)Br)OC2=C(C(=C(C=C2Br)Br)Br)Br)Br,0.53,-1.18,,,,,,"Huang et al., 2011",,Maize
BDE-197,7.9,1.9,801.4,C1=C(C(=C(C(=C1Br)Br)Br)OC2=C(C(=C(C=C2Br)Br)Br)Br)Br,0.56,-1.49,,,,,,"Huang et al., 2011",,Ryegrass
BDE-197,7.9,0.98,801.4,C1=C(C(=C(C(=C1Br)Br)Br)OC2=C(C(=C(C=C2Br)Br)Br)Br)Br,0.7,-1.32,,,,,,"Huang et al., 2011",,Pumpkin
BDE-197,7.9,0.98,801.4,C1=C(C(=C(C(=C1Br)Br)Br)OC2=C(C(=C(C=C2Br)Br)Br)Br)Br,0.53,-1.42,,,,,,"Huang et al., 2011",,Maize
BDE-197,7.9,0.98,801.4,C1=C(C(=C(C(=C1Br)Br)Br)OC2=C(C(=C(C=C2Br)Br)Br)Br)Br,0.56,-1.68,,,,,,"Huang et al., 2011",,Ryegrass
BDE-208,8.3,3.19,880.3,C1=C(C(=C(C(=C1Br)Br)OC2=C(C(=C(C(=C2Br)Br)Br)Br)Br)Br)Br,0.7,-2.02,,,,,,"Huang et al., 2011",,Pumpkin
BDE-208,8.3,1.9,880.3,C1=C(C(=C(C(=C1Br)Br)OC2=C(C(=C(C(=C2Br)Br)Br)Br)Br)Br)Br,0.7,-2.16,,,,,,"Huang et al., 2011",,Pumpkin
BDE-208,8.3,1.9,880.3,C1=C(C(=C(C(=C1Br)Br)OC2=C(C(=C(C(=C2Br)Br)Br)Br)Br)Br)Br,0.53,-2.13,,,,,,"Huang et al., 2011",,Maize
BDE-208,8.3,1.9,880.3,C1=C(C(=C(C(=C1Br)Br)OC2=C(C(=C(C(=C2Br)Br)Br)Br)Br)Br)Br,0.56,-2.34,,,,,,"Huang et al., 2011",,Ryegrass
BDE-208,8.3,0.98,880.3,C1=C(C(=C(C(=C1Br)Br)OC2=C(C(=C(C(=C2Br)Br)Br)Br)Br)Br)Br,0.7,-2.3,,,,,,"Huang et al., 2011",,Pumpkin
BDE-208,8.3,0.98,880.3,C1=C(C(=C(C(=C1Br)Br)OC2=C(C(=C(C(=C2Br)Br)Br)Br)Br)Br)Br,0.53,-2.3,,,,,,"Huang et al., 2011",,Maize
BDE-208,8.3,0.98,880.3,C1=C(C(=C(C(=C1Br)Br)OC2=C(C(=C(C(=C2Br)Br)Br)Br)Br)Br)Br,0.56,-2.4,,,,,,"Huang et al., 2011",,Ryegrass
BDE-207,8.3,3.19,880.3,C1=C(C(=C(C(=C1Br)Br)Br)OC2=C(C(=C(C(=C2Br)Br)Br)Br)Br)Br,0.7,-1.26,,,,,,"Huang et al., 2011",,Pumpkin
BDE-207,8.3,3.19,880.3,C1=C(C(=C(C(=C1Br)Br)Br)OC2=C(C(=C(C(=C2Br)Br)Br)Br)Br)Br,0.53,-1.49,,,,,,"Huang et al., 2011",,Maize
BDE-207,8.3,3.19,880.3,C1=C(C(=C(C(=C1Br)Br)Br)OC2=C(C(=C(C(=C2Br)Br)Br)Br)Br)Br,0.56,-1.6,,,,,,"Huang et al., 2011",,Ryegrass
BDE-207,8.3,1.9,880.3,C1=C(C(=C(C(=C1Br)Br)Br)OC2=C(C(=C(C(=C2Br)Br)Br)Br)Br)Br,0.7,-2.6,,,,,,"Huang et al., 2011",,Pumpkin
BDE-207,8.3,1.9,880.3,C1=C(C(=C(C(=C1Br)Br)Br)OC2=C(C(=C(C(=C2Br)Br)Br)Br)Br)Br,0.53,-2.15,,,,,,"Huang et al., 2011",,Maize
BDE-207,8.3,1.9,880.3,C1=C(C(=C(C(=C1Br)Br)Br)OC2=C(C(=C(C(=C2Br)Br)Br)Br)Br)Br,0.56,-2.45,,,,,,"Huang et al., 2011",,Ryegrass
BDE-207,8.3,0.98,880.3,C1=C(C(=C(C(=C1Br)Br)Br)OC2=C(C(=C(C(=C2Br)Br)Br)Br)Br)Br,0.7,-2.01,,,,,,"Huang et al., 2011",,Pumpkin
BDE-207,8.3,0.98,880.3,C1=C(C(=C(C(=C1Br)Br)Br)OC2=C(C(=C(C(=C2Br)Br)Br)Br)Br)Br,0.53,-1.74,,,,,,"Huang et al., 2011",,Maize
BDE-207,8.3,0.98,880.3,C1=C(C(=C(C(=C1Br)Br)Br)OC2=C(C(=C(C(=C2Br)Br)Br)Br)Br)Br,0.56,-1.92,,,,,,"Huang et al., 2011",,Ryegrass
alpha-endosulfan,0.5,8.8,406.9,C1[C@@H]2[C@H](COS(=O)O1)[C@]3(C(=C([C@@]2(C3(Cl)Cl)Cl)Cl)Cl)Cl,0.1,-0.61,,,,,,"GONZALEZ et al., 2003",,leek
endosulfan sulfate,0.56,8.8,422.9,C1C2C(COS(=O)(=O)O1)C3(C(=C(C2(C3(Cl)Cl)Cl)Cl)Cl)Cl,0.1,0.38,,,,,,"GONZALEZ et al., 2003",,leek
dieldrin,0.72,8.8,380.9,C1C2C3C(C1C4C2O4)C5(C(=C(C3(C5(Cl)Cl)Cl)Cl)Cl)Cl,0.1,-0.66,,,,,,"GONZALEZ et al., 2003",,leek
heptachlor,0.72,8.8,373.3,C1=CC(C2C1C3(C(=C(C2(C3(Cl)Cl)Cl)Cl)Cl)Cl)Cl,0.1,0.22,,,,,,"GONZALEZ et al., 2003",,leek
heptachlor epoxide,0.62,8.8,389.3,C12C(C(C3C1O3)Cl)C4(C(=C(C2(C4(Cl)Cl)Cl)Cl)Cl)Cl,0.1,-0.87,,,,,,"GONZALEZ et al., 2003",,leek
Imidacloprid,0.57,3.05,255.66,C1CN(C(=N[N+](=O)[O-])N1)CC2=CN=C(C=C2)Cl,0.53,-0.31,,,,,,"Wang et.al., 2020",,Maize
Acetamiprid,0.8,3.05,222.67,CC(=NC#N)N(C)CC1=CN=C(C=C1)Cl,0.53,-0.18,,,,,,"Wang et.al., 2020",,Maize
Tricyclazole,1.7,3.05,189.24,CC1=C2C(=CC=C1)SC3=NN=CN23,0.53,-0.24,,,,,,"Wang et.al., 2020",,Maize
Azoxystrobin,2.5,3.05,403.4,COC=C(C1=CC=CC=C1OC2=NC=NC(=C2)OC3=CC=CC=C3C#N)C(=O)OC,0.53,-0.14,,,,,,"Wang et.al., 2020",,Maize
Tebuconazole,3.7,3.05,307.82,CC(C)(C)C(CCC1=CC=C(C=C1)Cl)(CN2C=NC=N2)O,0.53,-0.08,,,,,,"Wang et.al., 2020",,Maize
Difenoconazole,4.4,3.05,406.3,CC1COC(O1)(CN2C=NC=N2)C3=C(C=C(C=C3)OC4=CC=C(C=C4)Cl)Cl,0.53,-0.57,,,,,,"Wang et.al., 2020",,Maize
